"body_len", "creation_date", "labels", "id", "title_len", "last_modified_date", "closed_at", "author", "comments_num"
348, 2022-12-18 14:34:39, , 1501926561, 53, None, 2022-12-19 15:28:55, Dmitry Gritsenko, 2
1056, 2022-12-06 13:39:09, enhancement, 1479132439, 31, None, 2022-12-06 13:53:43, Vincent Hugot, 5
56, 2022-12-05 21:02:05, , 1477431843, 29, None, 2022-12-09 13:11:19, Jitendra Mishra, 2
69, 2022-12-05 15:14:20, , 1476790138, 37, None, 2022-12-09 03:36:45, Jitendra Mishra, 10
101, 2022-12-05 01:51:18, , 1475399011, 50, None, 2022-12-05 14:06:08, Jitendra Mishra, 5
None, 2022-12-03 18:20:12, , 1474178570, 60, None, 2022-12-05 13:28:12, Erez Shinan, 0
None, 2022-11-27 13:07:32, , 1465435820, 22, None, 2022-11-27 13:08:46, Erez Shinan, 0
63, 2022-11-26 16:11:11, , 1465193955, 16, None, 2022-11-28 11:56:27, Boris Somodvarac, 1
864, 2022-11-24 23:07:28, , 1463878047, 79, None, 2022-11-27 13:09:57, Thomas Fischbacher, 1
65, 2022-11-20 06:40:32, , 1456792418, 35, None, 2022-11-27 13:11:45, None, 1
2838, 2022-11-19 15:17:46, question, 1456536728, 39, None, 2022-11-30 19:06:58, Taven, 1
1310, 2022-11-16 22:55:03, , 1452395805, 43, None, 2022-11-27 13:11:46, Yuriy Mann, 5
393, 2022-11-07 12:12:15, question, 1438262446, 34, None, 2022-11-07 14:12:43, None, 25
643, 2022-11-04 14:56:06, question, 1436209099, 54, None, 2022-12-30 11:18:21, None, 4
168, 2022-11-02 06:38:36, , 1432582094, 61, None, 2022-11-02 16:52:35, Michał Górny, 5
None, 2022-11-02 01:43:57, , 1432337528, 13, None, 2022-11-02 01:45:31, Erez Shinan, 0
449, 2022-10-27 22:22:27, question, 1426331274, 33, None, 2022-10-27 23:10:15, Ederic Oytas, 6
None, 2022-10-27 18:34:44, , 1426105704, 25, None, 2022-10-27 18:37:22, Erez Shinan, 0
52, 2022-10-27 02:08:36, , 1424919172, 21, None, 2022-10-27 04:46:16, Henry Schreiner, 1
None, 2022-10-25 12:53:19, , 1422417402, 94, None, 2022-10-27 15:05:59, Erez Shinan, 3
292, 2022-10-24 19:43:58, , 1421342316, 24, None, 2022-10-24 21:59:28, Benny, 1
456, 2022-10-24 12:37:31, , 1420763518, 44, None, 2022-10-25 16:12:36, pamaron, 1
None, 2022-10-14 13:19:47, , 1409344857, 27, None, 2022-10-27 15:05:44, jan Apisu, 2
158, 2022-10-14 13:07:43, , 1409328842, 83, None, 2022-11-27 13:26:47, jan Apisu, 3
None, 2022-10-07 18:05:17, , 1401513155, 19, None, 2022-10-07 18:21:02, Erez Shinan, 0
64, 2022-09-23 17:07:39, , 1384079755, 26, None, 2022-09-23 19:59:57, Blake Ramsdell, 0
4428, 2022-09-23 06:16:00, , 1383341924, 61, None, 2022-11-27 13:28:22, Blake Ramsdell, 3
1328, 2022-09-15 23:13:14, question, 1375193995, 34, None, 2022-09-21 18:06:29, Rémy Sanchez, 6
94, 2022-09-15 19:13:19, , 1374970450, 24, None, 2022-09-16 18:45:03, Erez Shinan, 1
191, 2022-09-15 16:02:04, , 1374763816, 62, None, 2022-09-15 20:58:28, None, 8
None, 2022-09-11 07:22:04, , 1368857708, 29, None, 2022-09-11 08:20:26, Erez Shinan, 0
200, 2022-09-07 15:28:21, question, 1364845405, 27, None, 2022-09-07 17:48:42, Julián Arenas Guerrero, 4
1481, 2022-09-07 14:30:25, , 1364758384, 106, None, 2022-09-15 20:58:29, None, 1
229, 2022-08-22 17:14:53, , 1346744902, 51, None, 2022-08-23 05:22:48, None, 1
2152, 2022-08-22 01:38:11, , 1345681061, 39, None, 2022-08-23 05:27:05, None, 2
681, 2022-08-17 17:08:56, , 1342055194, 40, None, 2022-10-27 18:19:25, None, 14
1196, 2022-08-15 11:32:02, , 1338868020, 48, None, 2022-10-27 18:19:26, None, 12
756, 2022-08-12 20:23:51, , 1337672528, 66, None, 2022-09-11 08:20:28, Ken Lauer, 4
1454, 2022-08-11 00:01:36, , 1335326365, 88, None, 2022-09-11 08:20:29, Ken Lauer, 0
1887, 2022-08-01 17:59:02, , 1324774042, 45, None, 2022-10-07 18:21:20, None, 2
2770, 2022-07-27 16:43:38, , 1319825626, 52, None, 2022-07-27 19:01:54, None, 5
302, 2022-07-27 03:40:10, , 1318978289, 32, None, 2022-07-27 07:45:26, None, 1
1206, 2022-07-26 20:37:07, , 1318726866, 59, None, 2022-07-26 20:46:15, joo, 2
1493, 2022-07-26 09:21:47, , 1317950762, 42, None, 2022-07-27 11:23:57, xrensgory, 8
12, 2022-07-24 04:52:25, , 1315808676, 24, None, 2022-07-24 11:53:15, None, 1
920, 2022-07-22 07:43:54, question, 1314552077, 61, None, 2022-07-22 07:56:37, Isaac Breen, 2
1977, 2022-07-18 08:51:14, , 1307609681, 50, None, 2022-07-18 10:05:08, Franck Pommereau, 2
4299, 2022-07-15 09:38:53, question, 1305812961, 24, None, 2022-07-26 08:57:25, xrensgory, 5
1643, 2022-07-01 23:20:51, , 1291902913, 34, None, 2022-10-11 20:31:52, None, 3
820, 2022-06-19 16:11:11, question, 1276104822, 66, None, 2022-06-21 16:26:06, None, 1
69, 2022-06-13 13:11:35, , 1269417531, 68, None, 2022-06-13 13:13:07, Patrick Huber, 1
1889, 2022-06-05 14:26:21, question, 1261062856, 51, None, 2022-06-05 22:55:19, None, 2
338, 2022-05-30 22:09:07, , 1253152163, 42, None, 2022-05-30 23:10:46, Silico_Biomancer, 16
831, 2022-05-25 20:04:06, , 1248653752, 28, None, 2022-05-26 20:18:27, Steve Kieffer, 9
259, 2022-05-25 16:09:15, , 1248342766, 46, None, 2022-09-16 01:30:56, Henry Schreiner, 2
1291, 2022-05-24 22:18:14, , 1247185579, 30, None, 2022-10-27 18:37:25, Henry Schreiner, 9
None, 2022-05-24 16:15:39, , 1246796519, 16, None, 2022-05-24 18:40:49, Erez Shinan, 0
755, 2022-05-24 11:06:00, , 1246375777, 31, None, 2022-05-24 16:51:13, Henry Schreiner, 7
1485, 2022-05-23 12:52:39, , 1245122370, 42, None, 2022-05-24 07:49:17, Henry Schreiner, 10
12, 2022-05-12 23:00:29, , 1234557702, 67, None, 2022-05-13 08:55:36, None, 3
2179, 2022-05-12 12:42:14, , 1233927102, 70, None, 2022-05-13 08:55:35, Michał Górny, 4
521, 2022-05-11 15:08:08, enhancement, 1232807443, 40, None, 2022-05-11 18:26:58, DecrepitHuman, 13
5382, 2022-05-04 11:33:38, question, 1225248234, 19, None, 2022-05-05 19:13:43, Jonas Hallqvist, 13
522, 2022-04-30 11:28:34, question, 1221808571, 28, None, 2022-04-30 15:25:45, None, 2
1325, 2022-04-29 13:21:32, , 1220810776, 49, None, 2022-04-29 13:26:24, Conchylicultor, 2
394, 2022-04-26 11:38:49, , 1215826894, 30, None, 2022-05-23 16:37:35, Florian Bruhin, 2
4874, 2022-04-26 09:36:19, , 1215679041, 111, None, 2022-07-25 15:39:38, Xuguang Song, 6
339, 2022-04-23 22:40:18, , 1213470379, 32, None, 2022-04-23 22:44:50, Jonas Loos, 1
243, 2022-04-18 15:58:02, , 1207186780, 42, None, 2022-04-26 09:46:57, Charlie Gunyon, 1
1403, 2022-04-13 21:07:24, question, 1203791595, 19, None, 2022-04-18 02:24:57, None, 5
1472, 2022-04-05 05:06:41, question, 1192621455, 26, None, 2022-04-06 04:15:43, None, 2
1317, 2022-04-04 17:34:26, , 1192101092, 65, None, 2022-07-25 15:41:13, Julie Jones, 2
996, 2022-04-02 18:28:30, , 1190706709, 28, None, 2022-04-11 18:11:12, ThatXliner, 5
418, 2022-03-31 14:42:40, , 1188198613, 39, None, 2022-07-25 15:41:33, Damian Birchler, 9
100, 2022-03-20 17:50:34, , 1174629388, 56, None, 2022-03-22 10:09:44, Erez Shinan, 4
1576, 2022-03-19 16:42:21, , 1174304911, 27, None, 2022-03-19 23:09:00, Jon Crall, 4
1585, 2022-03-16 08:59:38, , 1170724768, 27, None, 2022-03-16 10:55:00, wqh17101, 2
2392, 2022-03-16 05:16:11, enhancement, 1170554308, 56, None, 2022-04-02 19:22:29, wqh17101, 3
922, 2022-03-09 17:01:29, question, 1164205577, 45, None, 2022-03-16 10:56:23, Amine Aboufirass, 6
124, 2022-03-06 17:44:39, , 1160671901, 37, None, 2022-03-06 17:56:36, None, 3
None, 2022-03-01 14:06:29, , 1155383061, 18, None, 2022-03-01 14:09:47, Erez Shinan, 0
6251, 2022-02-27 11:38:39, , 1153217459, 58, None, 2022-07-24 11:53:15, Matthew Rowles, 6
76, 2022-02-26 19:24:45, , 1152177037, 23, None, 2022-02-27 16:45:57, Anton Grübel, 3
1249, 2022-02-26 19:23:45, , 1152175848, 44, None, 2022-02-27 16:45:57, Anton Grübel, 0
355, 2022-02-26 16:44:06, , 1151976557, 91, None, 2022-02-26 16:51:50, Erez Shinan, 0
None, 2022-02-21 18:57:55, , 1146134071, 59, None, 2022-02-21 21:13:25, Erez Shinan, 3
179, 2022-02-16 13:16:47, , 1140010467, 49, None, 2022-02-16 15:32:04, Patrick Lannigan, 3
249, 2022-02-13 18:41:44, question, 1136271614, 71, None, 2022-07-25 15:42:45, ornariece, 4
115, 2022-02-10 08:10:41, , 1129611117, 28, None, 2022-02-14 07:47:52, Kyung Seo Ki, 4
None, 2022-02-08 20:28:33, , 1127726246, 72, None, 2022-02-08 20:55:24, Erez Shinan, 3
None, 2022-02-08 19:51:07, , 1127692355, 52, None, 2022-02-08 19:52:21, konstantin, 2
293, 2022-02-08 19:47:50, , 1127689463, 46, None, 2022-02-08 20:29:18, konstantin, 6
251, 2022-02-08 19:45:10, , 1127686891, 31, None, 2022-02-08 20:39:09, konstantin, 1
11, 2022-02-08 19:27:40, , 1127669387, 44, None, 2022-02-08 19:45:45, konstantin, 1
119, 2022-02-08 19:10:20, , 1127652361, 34, None, 2022-02-08 19:49:38, konstantin, 2
536, 2022-02-08 19:08:06, , 1127650316, 45, None, 2022-02-08 20:29:17, konstantin, 2
None, 2022-02-08 18:53:36, , 1127636764, 33, None, 2022-02-08 19:52:38, konstantin, 5
151, 2022-02-08 18:40:12, question, 1127624876, 30, None, 2022-02-08 19:45:45, konstantin, 4
60, 2022-02-08 18:36:39, , 1127621755, 36, None, 2022-02-08 19:31:43, konstantin, 0
None, 2022-02-08 18:28:46, , 1127614625, 57, None, 2022-02-08 19:07:06, konstantin, 0
110, 2022-02-08 18:18:34, , 1127604955, 43, None, 2022-02-08 19:46:02, konstantin, 0
23, 2022-02-08 17:57:34, , 1127584795, 91, None, 2022-02-08 20:06:21, konstantin, 6
518, 2022-02-06 19:04:55, question, 1125287302, 58, None, 2022-02-06 19:41:15, Steven Hirsch, 1
718, 2022-02-05 22:43:18, , 1125048057, 33, None, 2022-02-06 15:58:43, Patrick Lannigan, 1
2161, 2022-02-04 20:58:09, question, 1124610715, 48, None, 2022-02-06 18:59:56, Steven Hirsch, 8
954, 2022-01-28 01:51:51, , 1116917406, 60, None, 2022-02-11 10:55:13, Patrick Lannigan, 0
1049, 2022-01-26 22:00:46, question, 1115543218, 53, None, 2022-01-27 05:33:58, konstantin, 2
221, 2022-01-24 02:57:56, , 1112105093, 45, None, 2022-01-24 06:55:51, Patrick Lannigan, 0
383, 2022-01-23 22:14:48, , 1112001315, 18, None, 2022-01-24 06:53:19, Patrick Lannigan, 0
None, 2022-01-23 08:58:59, , 1111813637, 23, None, 2022-01-23 13:15:12, Erez Shinan, 2
None, 2022-01-23 08:57:24, , 1111813321, 15, None, 2022-01-23 08:57:39, Erez Shinan, 0
2278, 2022-01-19 05:19:30, add to docs, 1107656007, 45, None, 2022-03-11 21:51:44, Richard Laager, 5
58, 2022-01-17 08:47:21, , 1105542081, 27, None, 2022-01-30 15:09:06, Erez Shinan, 2
None, 2022-01-16 15:23:54, , 1105080834, 16, None, 2022-01-30 15:09:08, Erez Shinan, 1
4458, 2022-01-15 20:38:35, , 1104844150, 31, None, 2022-02-15 08:47:36, Damian Birchler, 5
18, 2022-01-15 18:59:28, , 1104817823, 63, None, 2022-01-15 19:14:29, Erez Shinan, 1
23, 2022-01-15 13:42:18, , 1104722545, 67, None, 2022-01-15 13:59:10, Erez Shinan, 1
654, 2022-01-15 09:13:01, bug, 1104649750, 37, None, 2022-01-15 18:52:53, Erez Shinan, 0
76, 2022-01-09 10:32:50, , 1097160200, 33, None, 2022-01-09 12:38:39, Evin Sellin, 1
61, 2022-01-09 09:05:11, , 1097143238, 20, None, 2022-01-10 15:09:26, Erez Shinan, 5
None, 2022-01-09 08:37:14, , 1097138210, 39, None, 2022-01-09 12:24:04, Erez Shinan, 1
1261, 2022-01-09 00:26:24, , 1097069245, 21, None, 2022-01-10 15:09:31, Dmitry Gritsenko, 0
394, 2022-01-08 13:38:06, , 1096930233, 58, None, 2022-01-08 18:06:49, Patrick Lannigan, 1
88, 2022-01-08 13:21:17, , 1096926165, 60, None, 2022-01-08 18:08:39, Patrick Lannigan, 0
696, 2022-01-08 01:07:58, , 1096788505, 54, None, 2022-01-09 12:24:17, Patrick Lannigan, 0
435, 2022-01-07 12:47:24, , 1096288375, 46, None, 2022-01-08 08:13:03, Patrick Lannigan, 3
1291, 2022-01-05 21:54:29, , 1094774750, 37, None, 2022-01-05 21:59:19, Rob, 4
485, 2022-01-04 01:29:12, , 1092936487, 54, None, 2022-02-27 09:12:16, Patrick Lannigan, 5
106, 2022-01-04 00:33:37, , 1092917143, 44, None, 2022-01-04 14:02:42, Patrick Lannigan, 1
927, 2022-01-02 17:20:07, , 1092062760, 34, None, 2022-02-05 10:13:59, pamaron, 1
2087, 2021-12-29 15:16:40, question, 1090585994, 40, None, 2021-12-30 11:48:07, konstantin, 4
854, 2021-12-18 21:55:57, bug, 1083953439, 58, None, 2022-01-15 19:15:00, None, 2
1199, 2021-12-16 13:22:21, question, 1082191951, 45, None, 2022-02-15 08:48:59, vaxin, 2
70, 2021-12-14 15:25:39, , 1079894667, 45, None, 2022-01-29 08:54:17, Erez Shinan, 2
101, 2021-12-13 14:18:54, , 1078588249, 35, None, 2021-12-14 14:52:51, Patitotective, 5
865, 2021-12-12 15:14:23, question, 1077831161, 37, None, 2021-12-13 16:26:07, Brando Miranda, 4
116, 2021-12-08 01:26:24, , 1073909559, 52, None, 2021-12-08 08:16:19, Patrick Hayes, 0
None, 2021-11-20 09:23:45, , 1059103253, 38, None, 2021-11-20 09:37:22, Peter Wienemann, 0
554, 2021-11-18 01:25:59, , 1056824070, 42, None, 2021-11-19 01:21:30, Nighty, 1
97, 2021-11-17 23:43:19, , 1056748761, 47, None, 2021-11-18 07:13:38, Nighty, 1
646, 2021-11-17 16:17:57, question, 1056318439, 64, None, 2021-11-17 21:37:11, Zach Perkitny, 3
773, 2021-11-16 08:59:33, , 1054618592, 79, None, 2021-12-01 10:30:48, Erez Shinan, 1
None, 2021-11-16 06:57:24, , 1054514446, 34, None, 2021-11-16 06:59:34, Erez Shinan, 1
19, 2021-11-15 15:34:45, , 1053803212, 32, None, 2021-11-15 15:36:52, ThatXliner, 1
1832, 2021-11-10 14:45:16, , 1049917246, 54, None, 2022-02-15 08:49:22, None, 7
1088, 2021-11-09 14:51:10, , 1048697919, 64, None, 2021-11-09 15:53:01, None, 11
2405, 2021-11-07 19:41:28, , 1046832384, 107, None, 2022-02-15 08:50:02, Michael Lewis, 1
1093, 2021-11-06 06:10:50, , 1046435605, 57, None, 2022-03-16 10:57:49, None, 1
1849, 2021-11-03 22:33:36, , 1044175905, 27, None, 2021-11-09 10:06:47, None, 30
548, 2021-10-23 07:16:13, , 1034100057, 35, None, 2021-10-23 07:55:19, M_9SCO, 3
None, 2021-10-19 10:45:45, , 1030149752, 46, None, 2021-10-19 13:18:46, Erez Shinan, 1
54, 2021-10-19 10:12:55, , 1030119278, 39, None, 2021-10-19 12:46:03, Erez Shinan, 1
189, 2021-10-13 14:00:22, , 1025289982, 72, None, 2021-10-15 08:46:56, Erez Shinan, 14
803, 2021-10-12 12:53:01, , 1023787408, 20, None, 2021-10-19 15:00:36, Takahide Higuchi, 8
20, 2021-10-09 09:15:26, , 1021656711, 39, None, 2022-03-06 17:56:38, None, 5
1125, 2021-10-08 22:49:25, question, 1021519960, 30, None, 2021-10-08 23:46:53, Dmitry Gritsenko, 10
7007, 2021-10-05 17:33:07, question, 1016589306, 20, None, 2021-10-06 15:54:22, None, 5
12, 2021-10-04 16:28:40, , 1015385807, 65, None, 2021-10-04 17:05:11, tx_haggis, 1
853, 2021-10-04 13:09:26, , 1015161014, 41, None, 2021-10-04 17:05:11, tx_haggis, 1
323, 2021-10-02 15:55:17, , 1014090800, 53, None, 2021-10-04 17:06:26, None, 4
1042, 2021-09-25 00:03:35, question, 1006900941, 32, None, 2022-03-16 10:58:33, Mikhail Akimov, 3
194, 2021-09-23 19:13:20, , 1005762111, 43, None, 2021-09-23 20:07:35, Michael K., 2
None, 2021-09-21 17:46:49, , 1002950705, 45, None, 2021-10-18 09:17:16, Erez Shinan, 1
None, 2021-09-21 13:43:23, , 1002514438, 46, None, 2021-09-21 13:48:01, Erez Shinan, 0
787, 2021-09-20 18:42:38, , 1001280024, 45, None, 2022-01-04 13:17:48, Patrick Lannigan, 3
91, 2021-09-18 20:14:56, , 1000124204, 22, None, 2021-09-19 15:49:38, None, 3
169, 2021-09-15 13:48:52, , 997109237, 23, None, 2021-09-24 13:25:21, None, 15
651, 2021-09-14 22:55:57, , 996503065, 58, None, 2021-09-16 18:59:41, ornariece, 1
1070, 2021-09-13 17:57:42, , 995169257, 34, None, 2021-09-19 15:49:38, ornariece, 5
164, 2021-09-13 14:31:39, , 994966308, 29, None, 2021-09-23 22:10:44, ornariece, 1
152, 2021-09-13 10:55:47, , 994744629, 39, None, 2021-09-13 12:03:38, Erez Shinan, 1
None, 2021-09-12 20:52:18, , 994279107, 34, None, 2021-09-12 22:10:47, Erez Shinan, 1
22, 2021-09-12 19:45:44, , 994264349, 45, None, 2021-09-12 20:09:45, Erez Shinan, 2
856, 2021-09-07 02:42:20, , 989540269, 38, None, 2021-10-18 08:45:52, None, 10
None, 2021-09-06 13:16:16, , 989164884, 48, None, 2021-09-06 13:41:59, Erez Shinan, 3
1343, 2021-09-06 04:18:37, enhancement, 988737984, 46, None, 2021-10-18 09:29:08, None, 5
2707, 2021-09-04 16:24:09, , 988324805, 23, None, 2021-10-17 09:47:06, Carlos Bobed, 20
None, 2021-09-04 15:42:56, , 988317440, 70, None, 2021-09-06 13:42:20, Erez Shinan, 3
1115, 2021-09-04 05:04:04, enhancement, 988212058, 49, None, 2021-09-05 07:53:51, Antonio Tejada, 5
264, 2021-09-03 14:11:00, , 987810943, 18, None, 2021-09-13 08:34:25, ornariece, 5
1625, 2021-08-31 23:04:10, , 984408305, 28, None, 2021-10-18 14:12:03, None, 5
1679, 2021-08-30 20:23:27, question, 983172083, 61, None, 2021-08-31 13:55:41, None, 10
None, 2021-08-30 12:56:58, , 982762337, 47, None, 2021-08-31 11:55:20, Erez Shinan, 1
293, 2021-08-30 11:57:14, , 982711231, 47, None, 2021-08-30 13:40:05, Michael K., 2
438, 2021-08-29 21:11:47, , 982204624, 34, None, 2021-08-30 08:20:35, None, 2
None, 2021-08-29 09:20:19, , 982044774, 18, None, 2021-08-30 09:08:55, Erez Shinan, 1
None, 2021-08-29 07:35:46, , 982021123, 36, None, 2021-08-29 09:11:53, Peter Wienemann, 1
1020, 2021-08-29 07:04:24, , 982014320, 153, None, 2021-10-17 09:55:43, Antonio Tejada, 8
238, 2021-08-28 10:28:05, , 981800117, 41, None, 2021-08-28 18:41:18, Erez Shinan, 4
None, 2021-08-27 12:00:16, , 981177097, 51, None, 2021-08-27 12:06:54, Erez Shinan, 1
None, 2021-08-27 10:31:17, , 981110065, 44, None, 2021-08-27 12:00:31, Erez Shinan, 4
595, 2021-08-27 07:49:18, , 980974947, 28, None, 2021-08-28 18:41:50, Robin Alexander Dorstijn, 19
None, 2021-08-26 15:18:36, , 980367733, 40, None, 2021-08-27 07:36:02, Robin Alexander Dorstijn, 0
159, 2021-08-25 22:59:03, , 979680458, 33, None, 2021-08-26 14:20:02, Erez Shinan, 2
122, 2021-08-25 01:11:52, , 978608261, 48, None, 2021-08-26 14:20:04, None, 13
18260, 2021-08-20 23:36:18, , 975981218, 25, None, 2022-03-16 10:59:19, Tomasz Kłoczko, 35
464, 2021-08-20 16:08:45, , 975742535, 19, None, 2022-01-21 07:51:58, Patrick Lannigan, 12
3066, 2021-08-19 18:48:59, , 974948586, 49, None, 2022-03-16 13:04:20, Patrick Lannigan, 7
361, 2021-08-17 22:38:26, , 973116039, 61, None, 2021-09-13 08:31:36, None, 2
38, 2021-08-17 11:25:21, , 972583159, 20, None, 2021-08-21 17:09:55, Erez Shinan, 2
48, 2021-08-17 11:19:39, , 972578492, 18, None, 2021-08-17 11:22:21, Erez Shinan, 2
None, 2021-08-17 11:07:03, , 972567915, 20, None, 2021-08-17 11:10:59, Erez Shinan, 1
104, 2021-08-17 08:59:48, , 972459934, 29, None, 2021-08-17 09:11:53, Michael K., 1
179, 2021-08-17 08:58:54, , 972459172, 31, None, 2021-08-17 09:42:52, Michael K., 2
None, 2021-08-17 08:26:15, , 972432099, 29, None, 2021-08-17 10:53:18, Erez Shinan, 1
None, 2021-08-17 08:16:56, , 972424039, 21, None, 2021-08-17 10:55:40, Erez Shinan, 1
1923, 2021-08-16 14:30:47, , 971799753, 38, None, 2021-08-17 15:20:11, Patrick Lannigan, 3
269, 2021-08-09 22:05:20, , 964426248, 54, None, 2021-08-10 13:11:11, Louis Sautier, 2
2348, 2021-08-04 15:25:04, , 960624767, 63, None, 2021-08-04 18:03:32, None, 7
241, 2021-08-03 02:01:50, question, 958645142, 60, None, 2021-10-17 09:57:06, Christopher O'Toole, 3
3012, 2021-08-01 03:53:15, , 957380099, 52, None, 2021-10-17 09:56:48, Enjoys Math, 2
342, 2021-07-27 08:47:31, , 953651463, 53, None, 2021-07-27 14:12:59, Erez Shinan, 5
1997, 2021-07-26 12:52:04, question, 952870023, 71, None, 2021-07-26 13:51:31, Richard Jones, 4
0, 2021-07-26 09:28:52, , 952699974, 34, None, 2021-07-27 08:49:18, Erez Shinan, 1
524, 2021-07-25 23:22:43, , 952376380, 14, None, 2021-07-27 14:13:01, None, 16
1001, 2021-07-24 21:11:05, question, 952148756, 57, None, 2021-07-25 13:44:14, None, 2
972, 2021-07-23 13:10:33, question, 951566724, 20, None, 2021-07-23 14:05:45, None, 3
0, 2021-07-22 08:24:56, , 950418304, 42, None, 2021-07-22 10:53:44, Erez Shinan, 1
0, 2021-07-15 15:25:29, , 945504139, 28, None, 2021-09-13 08:13:46, Erez Shinan, 1
2199, 2021-07-14 20:34:46, question, 944776689, 42, None, 2021-07-15 18:51:58, Justin Gray, 5
149, 2021-07-13 14:12:34, , 943447246, 19, None, 2021-07-13 15:54:10, None, 12
417, 2021-07-13 13:59:24, , 943426830, 40, None, 2021-07-13 14:10:58, None, 4
0, 2021-07-09 19:45:43, , 941023375, 59, None, 2021-07-27 08:51:47, Erez Shinan, 0
1238, 2021-07-09 19:35:54, , 941018362, 90, None, 2021-07-22 15:04:30, Brando Miranda, 11
1878, 2021-07-09 18:35:41, , 940985269, 69, None, 2021-10-17 10:01:15, Brando Miranda, 2
0, 2021-07-05 12:08:19, , 937026500, 67, None, 2021-09-13 08:32:01, Erez Shinan, 1
43, 2021-07-05 09:09:37, , 936870729, 29, None, 2021-07-05 11:37:20, Erez Shinan, 1
1155, 2021-07-02 16:57:24, , 935930269, 111, None, 2021-10-17 09:59:03, Brando Miranda, 4
0, 2021-07-01 14:22:36, , 934902739, 62, None, 2021-07-05 09:07:17, Erez Shinan, 0
333, 2021-06-29 20:35:19, , 933082453, 70, None, 2021-08-13 16:04:38, None, 3
67, 2021-06-29 18:58:29, , 933017924, 28, None, 2022-01-29 08:58:29, ThatXliner, 1
702, 2021-06-28 18:55:31, , 931869122, 16, None, 2021-08-17 07:08:43, None, 11
99, 2021-06-27 21:29:30, , 931022377, 20, None, 2021-09-13 08:13:45, Erez Shinan, 17
202, 2021-06-26 14:10:09, , 930703256, 57, None, 2021-09-13 08:27:40, ornariece, 32
46, 2021-06-25 22:28:02, , 930538680, 42, None, 2021-06-26 08:33:49, None, 0
1699, 2021-06-24 11:52:10, , 929148883, 46, None, 2021-10-17 10:09:42, Dmitry Nikolaev, 4
3286, 2021-06-23 10:58:06, , 928130512, 39, None, 2021-06-23 11:15:06, None, 7
292, 2021-06-22 20:23:55, , 927604565, 45, None, 2021-06-26 11:09:07, None, 2
0, 2021-06-16 15:02:22, , 922733205, 47, None, 2021-06-16 16:55:25, Phil Demetriou, 7
797, 2021-06-15 15:03:17, question, 921496521, 57, None, 2021-06-15 16:23:17, Pranav Saxena, 6
737, 2021-06-15 14:56:37, question, 921489674, 29, None, 2021-06-15 15:05:57, ZhouYao, 2
729, 2021-06-12 20:19:37, , 919655097, 32, None, 2021-06-26 08:36:37, None, 0
96, 2021-06-05 14:21:30, , 912285105, 68, None, 2021-06-05 18:57:45, Erez Shinan, 7
0, 2021-06-05 13:34:46, , 912266772, 58, None, 2021-06-05 13:59:15, Erez Shinan, 0
1472, 2021-05-29 17:12:14, question, 906517884, 33, None, 2021-05-31 01:49:54, Julian, 3
4607, 2021-05-28 19:59:49, , 905975833, 23, None, 2022-02-15 08:51:55, Tomasz Kłoczko, 2
4384, 2021-05-28 19:53:21, , 905967236, 42, None, 2021-10-17 09:58:12, Tomasz Kłoczko, 10
864, 2021-05-25 21:53:04, question, 901415178, 24, None, 2021-10-17 10:11:40, Gary Geng, 4
1307, 2021-05-24 09:38:53, , 899492049, 68, None, 2021-05-24 09:47:26, None, 2
1668, 2021-05-24 09:04:39, question, 899465450, 40, None, 2021-05-24 10:43:28, None, 3
3133, 2021-05-21 18:16:49, , 898299143, 43, None, 2021-05-21 18:41:57, Gary Geng, 2
1561, 2021-05-20 05:15:12, , 896290187, 94, None, 2022-02-15 08:55:43, Wesley J. Landaker, 5
1508, 2021-05-13 17:49:50, question, 891240255, 25, None, 2021-10-17 10:11:21, Jesko, 9
0, 2021-05-06 01:02:51, , 876979086, 48, None, 2021-07-27 08:56:28, Erez Shinan, 1
795, 2021-05-05 09:50:48, , 876273547, 59, None, 2022-02-15 08:51:00, Aaron, 5
317, 2021-05-05 09:13:57, , 876243200, 37, None, 2021-05-05 14:33:21, Aaron, 1
5262, 2021-05-04 16:21:34, , 875625098, 54, None, 2021-06-26 11:09:06, Gerasimos, 4
0, 2021-04-24 16:07:17, , 866780374, 62, None, 2021-04-24 21:23:45, ThatXliner, 5
1005, 2021-04-23 20:30:21, enhancement, 866412456, 44, None, 2021-04-23 21:02:32, ThatXliner, 4
4689, 2021-04-23 08:53:28, question, 865900510, 73, None, 2022-01-15 19:02:23, suku, 2
300, 2021-04-17 16:39:44, enhancement, 860450105, 47, None, 2021-04-17 22:52:17, ThatXliner, 2
159, 2021-04-16 21:51:55, , 860194104, 70, None, 2021-05-23 15:51:27, None, 0
14, 2021-04-15 18:14:27, , 859135185, 35, None, 2021-04-15 19:20:26, Erez Shinan, 1
486, 2021-04-15 09:44:37, , 858701831, 23, None, 2022-02-15 08:52:16, Tomasz Kłoczko, 7
311, 2021-04-14 13:46:32, enhancement, 857916184, 38, None, 2021-05-23 15:51:27, None, 6
427, 2021-04-09 19:05:23, discussion, 854782511, 35, None, 2022-01-15 19:01:30, Erez Shinan, 10
268, 2021-04-09 16:24:56, , 854673980, 12, None, 2021-04-19 17:17:58, None, 5
257, 2021-04-08 20:33:15, enhancement, 853869265, 37, None, 2021-04-19 17:20:58, Alexander Morozov, 6
1886, 2021-04-08 20:16:26, enhancement, 853849785, 29, None, 2022-02-15 08:54:30, Alexander Morozov, 12
12, 2021-04-07 18:25:21, , 852687780, 35, None, 2021-04-15 19:20:28, None, 4
897, 2021-04-07 17:11:24, enhancement, 852616718, 29, None, 2021-04-15 19:20:28, Gary Geng, 4
566, 2021-04-03 19:13:45, , 849722317, 30, None, 2021-04-05 11:38:33, Drew Risinger, 3
148, 2021-04-02 19:46:23, , 849430236, 41, None, 2021-04-02 21:31:55, Gary Geng, 1
1132, 2021-04-02 17:59:02, , 849365668, 42, None, 2021-04-02 21:31:55, Gary Geng, 1
1665, 2021-03-27 08:39:39, , 842453836, 21, None, 2022-01-15 19:16:42, Ivan Nikolaev, 1
733, 2021-03-24 00:47:20, , 839239765, 30, None, 2021-05-03 16:51:15, None, 9
3053, 2021-03-22 22:33:10, , 838158184, 58, None, 2021-03-22 22:43:33, Diarmid Mackenzie, 2
27, 2021-03-22 18:36:29, , 838003555, 47, None, 2021-03-23 01:53:55, None, 1
124, 2021-03-22 18:20:00, , 837991531, 33, None, 2021-03-23 01:56:52, None, 1
3001, 2021-03-20 03:20:14, question, 836637270, 22, None, 2021-03-20 17:14:54, ThatXliner, 6
1169, 2021-03-19 23:59:53, , 836504302, 64, None, 2021-03-23 01:56:53, ThatXliner, 1
465, 2021-03-19 08:28:59, , 835694724, 54, None, 2021-03-19 09:39:47, None, 5
390, 2021-03-17 19:06:15, question, 834092891, 78, None, 2021-03-17 19:28:55, DannyS, 2
214, 2021-03-15 23:02:36, , 832266520, 35, None, 2021-03-15 23:41:35, ThatXliner, 2
2788, 2021-03-11 15:16:16, , 829248495, 48, None, 2021-03-23 01:53:55, Hans Dembinski, 1
1577, 2021-03-06 16:45:45, , 823692303, 45, None, 2021-03-06 17:13:57, Antoine Viallon, 4
0, 2021-03-01 00:08:44, , 818350699, 25, None, 2021-03-01 13:09:19, Erez Shinan, 7
1035, 2021-02-25 22:35:40, question, 816864389, 40, None, 2021-03-01 00:14:46, Seydou Dia, 1
0, 2021-02-25 02:51:56, , 816033457, 38, None, 2021-02-27 20:23:17, Erez Shinan, 5
1229, 2021-02-24 01:33:32, question, 814996032, 75, None, 2021-02-24 18:42:12, Hicham Moro, 7
1586, 2021-02-21 16:46:54, question, 812897180, 44, None, 2021-02-24 15:46:19, None, 7
35, 2021-02-19 16:07:17, , 812145280, 50, None, 2021-02-23 20:58:07, Erez Shinan, 3
3753, 2021-02-16 12:10:17, question, 809257289, 51, None, 2021-03-01 00:15:00, Amine Aboufirass, 3
1805, 2021-02-16 01:03:49, , 808908483, 27, None, 2021-02-16 23:44:43, James Hester, 3
324, 2021-02-14 22:34:59, enhancement, 808063267, 64, None, 2021-03-05 15:02:49, Erez Shinan, 3
272, 2021-02-12 17:53:15, , 807434962, 30, None, 2021-03-24 18:40:11, ThatXliner, 4
2182, 2021-02-11 22:56:47, question, 806808911, 74, None, 2021-02-25 14:50:09, Vivian Heyman, 5
116, 2021-02-06 18:22:13, , 802758688, 28, None, 2022-02-15 08:53:28, Erez Shinan, 4
749, 2021-02-06 01:24:23, , 802574204, 20, None, 2021-03-25 19:05:03, None, 3
2945, 2021-02-05 16:46:21, question, 802314447, 28, None, 2022-02-15 08:52:49, Vivian Heyman, 2
185, 2021-02-05 14:11:06, , 802195547, 28, None, 2021-02-05 18:21:32, None, 1
1336, 2021-02-04 17:50:23, , 801506860, 50, None, 2021-02-05 18:22:00, Mike Iovine, 3
428, 2021-01-28 18:02:15, , 796230142, 31, None, 2021-01-28 18:46:22, matias morant, 5
816, 2021-01-28 04:21:13, , 795654104, 49, None, 2021-02-14 13:50:34, None, 5
0, 2021-01-26 23:03:19, , 794626306, 29, None, 2021-01-26 23:35:27, ThatXliner, 0
0, 2021-01-26 20:51:06, , 794551708, 40, None, 2021-01-26 21:43:45, None, 1
4311, 2021-01-26 19:07:56, , 794487635, 33, None, 2021-01-26 22:13:19, ThatXliner, 7
7584, 2021-01-26 02:29:24, question, 793874903, 33, None, 2021-01-26 18:36:04, ThatXliner, 1
705, 2021-01-24 20:09:12, question, 792881710, 15, None, 2021-01-25 02:21:50, Morten, 5
510, 2021-01-19 22:56:23, , 789448479, 31, None, 2021-01-25 04:07:27, Erez Shinan, 10
2009, 2021-01-18 21:41:53, question, 788562524, 22, None, 2021-01-18 21:49:29, Marijan Smetko, 3
240, 2021-01-17 09:50:58, , 787670087, 46, None, 2021-01-17 10:43:52, Pratyush Das, 0
977, 2021-01-11 21:24:35, question, 783715757, 41, None, 2021-01-11 21:39:15, Ivan Gonzalez, 2
1085, 2021-01-11 15:11:40, question, 783450347, 42, None, 2021-01-25 04:10:40, Jun, 5
539, 2021-01-09 12:32:58, , 782598843, 61, None, 2021-01-10 22:20:53, None, 5
209, 2021-01-04 20:33:08, , 778347019, 41, None, 2021-08-13 16:08:18, Roman Yurchak, 1
682, 2020-12-28 20:50:41, , 775582016, 29, None, 2021-01-26 22:13:01, None, 1
362, 2020-12-27 18:13:53, , 775084405, 15, None, 2021-01-25 04:07:29, None, 1
2619, 2020-12-27 15:51:40, , 775061503, 68, None, 2021-01-26 22:13:45, Michelle Fullwood, 4
6234, 2020-12-27 15:09:51, question, 775054557, 53, None, 2021-01-26 22:11:12, Mike Pennington, 11
306, 2020-12-25 19:14:08, , 774774668, 15, None, 2021-01-26 22:17:33, None, 3
19, 2020-12-25 00:29:41, , 774587663, 38, None, 2021-01-26 22:17:47, None, 2
250, 2020-12-24 15:52:44, enhancement, 774495725, 39, None, 2021-01-26 22:10:30, Erez Shinan, 15
83, 2020-12-24 15:33:25, , 774489966, 49, None, 2020-12-29 14:27:19, Sergey Bronnikov, 1
35, 2020-12-23 20:35:44, , 774030219, 95, None, 2020-12-24 14:19:12, Erez Shinan, 3
0, 2020-12-19 11:55:23, , 771367195, 37, None, 2020-12-19 18:26:47, Søren Fuglede Jørgensen, 1
79, 2020-12-16 17:54:29, , 769147589, 47, None, 2022-02-15 08:56:39, Lawrence Chan, 1
245, 2020-12-07 18:41:44, , 758751671, 32, None, 2021-01-26 22:14:16, ThatXliner, 4
1064, 2020-12-06 19:59:09, question, 758009096, 20, None, 2022-02-15 08:56:31, None, 3
150, 2020-12-06 19:33:19, , 758003371, 30, None, 2020-12-06 23:00:52, None, 1
1189, 2020-12-06 18:21:06, question, 757989248, 24, None, 2020-12-06 21:35:21, ornariece, 4
3294, 2020-12-06 10:20:19, , 757892271, 47, None, 2020-12-06 13:23:36, Peter Wienemann, 7
588, 2020-12-03 23:37:22, , 756675543, 47, None, 2020-12-04 00:02:56, Brice Arnould, 1
332, 2020-12-03 22:48:14, , 756652803, 48, None, 2020-12-04 00:02:06, Brice Arnould, 1
105, 2020-11-29 16:30:31, , 752953535, 50, None, 2020-12-13 16:16:03, Erez Shinan, 4
626, 2020-11-27 10:04:39, , 752132901, 93, None, 2020-12-29 22:31:03, asellappenIBM, 3
525, 2020-11-26 21:07:57, question, 751827344, 44, None, 2020-11-29 12:56:32, None, 2
281, 2020-11-26 00:13:38, question, 751190509, 48, None, 2022-02-15 08:57:23, Rayyan Cyclegar, 3
11, 2020-11-25 20:42:10, , 751106188, 62, None, 2020-11-25 20:56:47, None, 0
73, 2020-11-25 17:04:53, , 750985256, 54, None, 2020-11-26 15:36:40, Erez Shinan, 1
778, 2020-11-24 20:36:15, , 750041580, 20, None, 2021-01-26 22:04:48, None, 5
126, 2020-11-24 15:33:45, , 749814873, 58, None, 2020-11-24 16:05:27, Erez Shinan, 2
1045, 2020-11-24 14:33:39, enhancement, 749757542, 49, None, 2020-11-24 14:37:43, Charles Esterbrook, 2
581, 2020-11-24 04:21:14, , 749328433, 35, None, 2020-11-24 19:00:08, ThatXliner, 10
331, 2020-11-23 22:38:03, , 749178450, 34, None, 2020-11-24 13:06:31, None, 8
8191, 2020-11-22 16:33:42, , 748280192, 25, None, 2020-11-25 20:56:47, Peter Wienemann, 8
35, 2020-11-21 22:18:31, , 748113732, 24, None, 2020-11-21 23:23:44, ThatXliner, 6
67, 2020-11-21 21:41:19, , 748108137, 22, None, 2020-11-24 16:09:19, ThatXliner, 4
101, 2020-11-21 21:34:39, , 748107147, 37, None, 2020-11-23 08:28:57, Erez Shinan, 1
0, 2020-11-21 20:00:16, , 748092481, 23, None, 2020-11-21 20:48:33, None, 0
616, 2020-11-20 23:20:26, , 747857354, 49, None, 2020-11-24 13:43:34, None, 1
0, 2020-11-20 21:25:06, , 747803286, 26, None, 2020-11-21 07:28:01, ThatXliner, 1
1190, 2020-11-19 16:43:59, bug, 746746882, 56, None, 2021-06-29 15:20:48, None, 23
51, 2020-11-18 19:17:58, , 745936141, 18, None, 2020-11-18 21:12:45, Greg Ward, 1
106, 2020-11-18 11:05:12, , 745561773, 37, None, 2020-11-18 11:09:14, None, 1
2563, 2020-11-17 21:18:24, question, 745094843, 54, None, 2020-11-17 21:45:43, Rayyan Cyclegar, 5
115, 2020-11-16 18:22:16, , 744059348, 19, None, 2020-11-16 19:37:40, ThatXliner, 1
390, 2020-11-16 18:08:37, question, 744050497, 74, None, 2020-11-16 18:53:53, ThatXliner, 4
447, 2020-11-16 13:59:14, , 743858562, 76, None, 2021-05-13 20:14:40, ornariece, 23
148, 2020-11-15 10:28:34, , 743227006, 55, None, 2020-11-15 14:34:46, None, 3
2306, 2020-11-14 22:47:23, , 743099306, 40, None, 2022-02-15 08:58:00, Charles Esterbrook, 3
2650, 2020-11-14 05:54:20, question, 742935045, 23, None, 2020-11-14 05:57:18, Saeed Rasooli, 9
275, 2020-11-13 11:50:24, , 742393959, 42, None, 2020-11-13 12:29:41, None, 0
142, 2020-11-13 03:58:41, , 742115607, 14, None, 2020-11-16 19:39:46, None, 1
5176, 2020-11-13 00:01:39, , 742017285, 61, None, 2020-11-16 19:39:46, Charles Esterbrook, 15
806, 2020-11-12 14:26:57, , 741644886, 53, None, 2020-11-12 20:53:10, None, 4
1742, 2020-11-11 20:54:53, , 741063923, 51, None, 2020-11-12 07:54:42, Gregory, 7
1873, 2020-11-11 17:30:29, question, 740942764, 34, None, 2020-11-13 14:01:36, None, 6
913, 2020-11-11 01:33:34, question, 740377752, 40, None, 2022-02-15 08:57:30, None, 2
609, 2020-11-10 15:41:15, , 740019126, 34, None, 2020-12-13 16:16:05, Julien Malard-Adam, 0
610, 2020-11-10 15:25:40, , 740006487, 24, None, 2020-11-10 15:41:57, Julien Malard-Adam, 1
3497, 2020-11-09 17:04:58, question, 739203854, 38, None, 2020-11-09 23:12:59, Rayyan Cyclegar, 18
158, 2020-11-05 05:36:53, , 736628443, 23, None, 2020-11-09 09:02:53, None, 4
3269, 2020-11-03 16:33:44, question, 735468837, 48, None, 2020-11-05 23:47:49, Rayyan Cyclegar, 7
374, 2020-11-02 22:22:58, question, 734876226, 40, None, 2020-11-02 22:27:32, ThatXliner, 4
2500, 2020-11-02 16:33:29, , 734649549, 67, None, 2020-11-03 11:45:54, Fabio Zadrozny, 18
781, 2020-11-02 07:52:36, bug, 734278484, 59, None, 2020-11-09 09:02:53, Erez Shinan, 3
41, 2020-11-01 13:31:51, , 733967028, 20, None, 2020-11-01 13:39:56, 谭九鼎, 0
863, 2020-10-29 20:47:27, , 732648369, 49, None, 2020-11-13 09:53:39, Arthur Lapraye, 14
3374, 2020-10-28 12:31:58, question, 731399990, 36, None, 2022-02-15 08:58:11, Fabio Zadrozny, 3
0, 2020-10-27 19:55:12, , 730768216, 30, None, 2020-11-29 11:40:32, Fabio Zadrozny, 6
0, 2020-10-27 19:50:17, , 730764590, 24, None, 2020-10-28 06:55:04, Fabio Zadrozny, 0
1149, 2020-10-27 12:28:02, , 730406381, 29, None, 2020-10-27 15:33:24, Fabio Zadrozny, 3
425, 2020-10-25 14:58:00, question, 729038875, 50, None, 2020-11-18 16:22:28, ThatXliner, 9
94, 2020-10-25 04:13:51, , 728935830, 40, None, 2020-10-25 05:45:48, None, 3
0, 2020-10-22 12:32:06, , 727346150, 65, None, 2020-10-22 14:02:14, Erez Shinan, 1
99, 2020-10-21 16:01:29, , 726641637, 17, None, 2020-10-22 15:40:21, ThatXliner, 0
0, 2020-10-21 13:51:14, , 726514040, 10, None, 2020-10-29 20:32:44, Peter Wienemann, 0
347, 2020-10-20 20:33:54, , 725923843, 40, None, 2020-11-29 11:36:07, None, 5
182, 2020-10-20 16:42:25, question, 725767938, 26, None, 2022-02-15 08:58:32, None, 5
87, 2020-10-18 13:31:00, , 724007721, 59, None, 2020-10-19 14:35:25, Erez Shinan, 11
2588, 2020-10-16 20:53:11, question, 723524936, 39, None, 2020-10-17 20:07:50, Joe Palermo, 7
99, 2020-10-16 20:12:50, , 723504542, 25, None, 2020-10-16 20:38:23, ThatXliner, 1
0, 2020-10-16 14:08:58, , 723260651, 17, None, 2020-10-16 14:23:39, Peter Wienemann, 1
207, 2020-10-16 13:39:14, , 723235636, 26, None, 2020-10-19 12:15:58, Peter Wienemann, 7
40, 2020-10-15 19:34:19, , 722617207, 41, None, 2020-10-16 06:54:05, ThatXliner, 3
62, 2020-10-13 16:43:48, , 720525829, 34, None, 2022-02-15 08:59:32, Felix Yan, 3
463, 2020-10-12 22:37:28, enhancement, 719713330, 41, None, 2020-10-21 16:20:44, Mike Lin, 2
313, 2020-10-07 15:47:13, , 716648577, 24, None, 2020-11-23 08:50:02, None, 3
0, 2020-10-07 10:54:41, , 716422023, 41, None, 2020-10-07 12:08:42, Erez Shinan, 2
1044, 2020-10-07 01:19:48, , 716124192, 46, None, 2020-10-13 10:53:59, None, 6
415, 2020-10-05 21:38:36, , 715180029, 69, None, 2020-10-06 19:33:49, None, 11
352, 2020-10-03 23:58:05, , 714198887, 51, None, 2020-10-06 12:56:40, None, 6
256, 2020-10-03 13:07:08, , 714086576, 50, None, 2020-10-05 08:45:55, Tom Ritchford, 6
105, 2020-10-02 22:43:14, , 713938426, 20, None, 2020-10-05 08:50:55, None, 0
145, 2020-10-01 14:38:07, , 712906622, 52, None, 2020-10-06 15:22:36, None, 9
1064, 2020-10-01 04:02:10, , 712456383, 56, None, 2020-10-06 15:22:35, Hide for now, 3
307, 2020-09-30 12:52:51, question, 711920732, 52, None, 2020-10-19 12:20:56, None, 5
849, 2020-09-26 19:22:51, , 709596173, 21, None, 2020-10-25 09:18:16, None, 10
1058, 2020-09-26 15:22:31, , 709556415, 49, None, 2021-07-22 18:58:54, sinoroc, 10
143, 2020-09-23 17:27:39, , 707548492, 48, None, 2020-09-29 11:47:31, None, 6
341, 2020-09-22 18:55:27, , 706616950, 44, None, 2020-10-19 12:23:03, None, 4
1015, 2020-09-22 18:09:39, , 706589856, 75, None, 2020-10-19 14:36:06, Erez Shinan, 2
834, 2020-09-21 22:26:52, , 705955976, 22, None, 2021-05-17 22:18:54, None, 9
101, 2020-09-21 14:48:51, , 705670390, 28, None, 2020-09-21 16:20:07, Michael K., 1
639, 2020-09-20 08:50:48, enhancement, 705071904, 57, None, 2020-09-21 07:00:17, Fabio Zadrozny, 8
655, 2020-09-19 21:09:19, , 704998569, 42, None, 2021-09-13 08:27:41, None, 4
122, 2020-09-19 17:38:57, , 704949971, 39, None, 2020-09-19 18:54:20, None, 0
1157, 2020-09-19 01:55:30, , 704739664, 39, None, 2020-10-05 12:03:31, None, 3
169, 2020-09-19 01:04:48, , 704728480, 44, None, 2020-09-19 06:04:48, None, 1
1648, 2020-09-18 10:16:55, question, 704263260, 39, None, 2020-09-18 13:53:51, Arnon Hevlin, 4
584, 2020-09-18 02:49:51, , 704038334, 38, None, 2020-09-19 06:07:43, None, 4
584, 2020-09-17 12:43:15, , 703552382, 65, None, 2020-09-17 14:59:20, Tom Ritchford, 10
0, 2020-09-15 15:23:50, , 702029216, 49, None, 2020-09-15 16:11:19, Tom Ritchford, 2
0, 2020-09-15 13:32:44, , 701933671, 49, None, 2020-09-15 14:09:40, Tom Ritchford, 5
1255, 2020-09-14 22:00:58, question, 701461939, 19, None, 2020-09-17 21:46:42, Kevin Amado, 12
450, 2020-09-14 18:55:05, , 701346098, 43, None, 2020-09-21 08:12:38, Richard Shin, 1
710, 2020-09-14 09:45:14, question, 700944265, 42, None, 2020-09-14 10:35:56, Jakub Sygnowski, 6
3743, 2020-09-07 07:31:57, question, 694806764, 35, None, 2020-09-21 08:13:07, None, 9
42, 2020-08-28 22:40:56, , 688391905, 24, None, 2020-09-04 09:36:08, None, 9
1372, 2020-08-28 19:31:38, , 688311763, 37, None, 2020-08-31 07:03:21, Jonah "Jay" Y-M, 8
1299, 2020-08-26 18:47:27, , 686538204, 38, None, 2020-08-27 19:01:40, Zach Brookler, 3
96, 2020-08-24 22:06:57, , 685012230, 19, None, 2020-08-27 08:25:08, Hide for now, 4
1051, 2020-08-24 06:21:22, , 684394209, 38, None, 2020-09-13 10:33:54, Hide for now, 6
2345, 2020-08-24 05:36:11, question, 684374500, 32, None, 2021-07-22 18:58:29, Hide for now, 6
958, 2020-08-24 02:54:03, , 684322540, 20, None, 2020-08-28 22:43:25, None, 1
219, 2020-08-22 17:54:39, , 684037326, 22, None, 2020-08-22 22:34:06, None, 2
2409, 2020-08-21 04:34:50, enhancement, 683253888, 40, None, 2020-09-13 10:48:45, None, 11
0, 2020-08-19 12:25:47, , 681798952, 19, None, 2020-08-19 12:34:03, Erez Shinan, 0
199, 2020-08-19 12:07:45, , 681788078, 32, None, 2020-08-20 07:14:03, Sasank Chilamkurthy, 1
0, 2020-08-19 11:56:51, , 681781731, 73, None, 2020-08-19 15:10:05, Erez Shinan, 6
31, 2020-08-19 11:25:17, , 681763789, 21, None, 2020-08-19 11:30:57, Sasank Chilamkurthy, 0
35, 2020-08-19 11:22:15, , 681762062, 46, None, 2020-08-19 11:25:57, Erez Shinan, 0
392, 2020-08-19 10:27:26, , 681727968, 47, None, 2020-08-19 11:19:11, Sasank Chilamkurthy, 11
10, 2020-08-19 08:25:19, , 681647756, 55, None, 2020-08-19 08:36:26, None, 1
997, 2020-08-19 07:57:51, , 681630617, 72, None, 2020-08-19 08:36:26, None, 3
0, 2020-08-18 07:05:30, , 680751427, 28, None, 2020-08-18 07:14:28, Sasank Chilamkurthy, 0
1267, 2020-08-17 23:22:23, , 680582142, 47, None, 2020-08-18 09:20:38, None, 1
0, 2020-08-17 12:35:44, , 680201568, 19, None, 2020-08-17 13:29:13, None, 1
0, 2020-08-17 12:09:46, , 680186330, 25, None, 2020-08-17 12:21:44, Sasank Chilamkurthy, 0
439, 2020-08-16 17:47:25, enhancement, 679795694, 51, None, 2020-09-13 10:39:05, Charles Esterbrook, 1
0, 2020-08-16 14:48:26, , 679767356, 79, None, 2020-08-17 13:42:35, Julien Malard-Adam, 5
1078, 2020-08-16 12:06:13, , 679743012, 52, None, 2020-08-18 21:30:26, Abdul Muizz, 5
364, 2020-08-16 08:24:06, , 679713928, 28, None, 2020-08-17 12:00:23, Sasank Chilamkurthy, 5
34, 2020-08-15 15:53:40, question, 679598642, 84, None, 2020-08-16 10:57:21, ronaldinho_x86, 4
160, 2020-08-14 10:17:41, , 679057584, 41, None, 2020-08-14 12:03:04, None, 4
325, 2020-08-14 09:38:39, , 679035911, 38, None, 2020-09-26 19:30:56, None, 5
861, 2020-08-13 19:57:14, , 678698055, 46, None, 2020-08-14 13:37:27, None, 1
115, 2020-08-13 16:13:07, , 678559053, 66, None, 2020-08-13 18:15:36, None, 3
1288, 2020-08-12 22:34:58, question, 678019571, 58, None, 2020-08-13 08:18:08, Dariusz Suchojad, 3
1485, 2020-08-12 21:16:18, , 677984203, 58, None, 2020-08-13 18:15:36, None, 2
334, 2020-08-12 14:59:39, , 677762535, 14, None, 2020-08-13 08:58:23, None, 7
1781, 2020-08-12 09:38:47, , 677548882, 24, None, 2020-08-13 08:58:23, None, 6
108, 2020-08-10 21:51:00, , 676437992, 80, None, 2020-08-11 15:54:15, None, 4
1392, 2020-08-10 20:12:25, enhancement, 676388239, 57, None, 2020-08-13 08:58:23, None, 17
280, 2020-08-10 13:16:38, , 676128554, 9, None, 2020-09-13 10:39:20, Luca Becchetti, 1
202, 2020-08-08 14:49:44, , 675536833, 34, None, 2021-07-22 18:56:38, Sasank Chilamkurthy, 0
1853, 2020-08-08 13:39:08, question, 675527059, 38, None, 2021-05-13 20:12:19, Sasank Chilamkurthy, 5
364, 2020-08-08 11:20:05, enhancement, 675509747, 35, None, 2020-08-18 09:26:05, Sasank Chilamkurthy, 12
1200, 2020-08-03 11:50:29, question, 672019808, 36, None, 2020-08-03 13:08:15, André Oliveira, 2
562, 2020-08-03 10:39:26, , 671980779, 62, None, 2020-08-05 13:06:33, Michael Milton, 4
10, 2020-07-28 14:54:44, , 667140527, 41, None, 2020-07-28 18:00:38, Aaron Defazio, 6
2411, 2020-07-28 13:00:54, , 667053762, 50, None, 2020-08-06 20:24:33, Yohannes Bekele, 2
256, 2020-07-27 23:01:19, question, 666636473, 41, None, 2020-08-06 20:24:27, Brando Miranda, 2
584, 2020-07-27 07:04:05, , 666036746, 30, None, 2020-07-27 11:23:21, Fredrick Brennan, 3
5, 2020-07-25 16:02:04, , 665609977, 42, None, 2020-07-25 16:45:45, None, 0
84, 2020-07-24 18:20:15, , 665337777, 13, None, 2020-11-04 07:26:35, None, 4
602, 2020-07-23 17:45:29, , 664657434, 13, None, 2020-07-31 07:24:37, None, 27
833, 2020-07-20 15:32:13, , 661957810, 53, None, 2020-09-13 10:56:56, Tom Bertalan, 4
703, 2020-07-19 14:43:53, question, 660876119, 198, None, 2020-07-20 04:15:15, Jude Kanjamala, 2
401, 2020-07-19 05:50:08, enhancement, 660618057, 58, None, 2020-09-13 10:51:34, Fredrick Brennan, 6
311, 2020-07-19 04:27:31, , 660581217, 52, None, 2020-07-19 08:39:31, Fredrick Brennan, 1
2907, 2020-07-19 00:02:48, , 660462396, 113, None, 2020-07-19 13:05:45, Fredrick Brennan, 4
34, 2020-07-18 17:19:53, , 660268417, 30, None, 2020-07-27 17:04:47, Inky, 1
523, 2020-07-18 17:05:03, , 660261088, 19, None, 2020-08-06 20:20:16, Inky, 1
258, 2020-07-17 17:02:30, , 659432201, 43, None, 2020-08-06 20:19:04, None, 1
84, 2020-07-16 16:08:31, , 658340270, 65, None, 2020-07-16 19:26:12, None, 5
2627, 2020-07-16 03:53:12, , 657824241, 46, None, 2020-07-16 19:26:11, Nic Watson, 0
644, 2020-07-11 09:03:48, , 655168985, 35, None, 2020-09-13 10:53:09, Peter Kasza, 4
931, 2020-07-09 14:56:59, question, 654127634, 69, None, 2020-10-05 08:50:55, Jeff Webb, 19
1420, 2020-07-08 18:45:02, question, 653516530, 25, None, 2020-07-08 20:38:56, Paulo Santos, 6
830, 2020-07-07 18:52:36, , 652543235, 70, None, 2020-07-07 19:58:36, None, 2
1285, 2020-07-06 21:10:06, , 651820771, 44, None, 2020-07-28 18:00:37, Aaron Defazio, 5
40, 2020-07-05 10:26:49, , 651043117, 16, None, 2020-07-05 10:31:24, None, 1
2454, 2020-07-04 19:04:24, , 650940770, 34, None, 2021-01-26 22:07:51, Julien Malard-Adam, 6
193, 2020-07-02 09:51:31, , 649797013, 21, None, 2020-07-02 09:54:27, Erez Shinan, 0
833, 2020-07-01 12:45:26, question, 648953064, 36, None, 2020-07-01 13:32:25, None, 6
1313, 2020-07-01 06:19:01, question, 648706105, 40, None, 2020-07-01 11:45:01, None, 6
5, 2020-06-30 23:21:18, , 648558755, 23, None, 2020-08-14 13:21:28, None, 12
225, 2020-06-30 13:56:05, , 648197152, 29, None, 2020-08-06 12:20:31, Julien Malard-Adam, 4
425, 2020-06-29 16:01:06, question, 647493293, 24, None, 2020-06-30 16:18:48, Rodrigo de Oliveira, 12
339, 2020-06-26 16:41:02, , 646382288, 33, None, 2020-09-13 10:55:11, None, 1
2600, 2020-06-25 18:18:36, enhancement, 645760846, 48, None, 2020-10-25 09:18:16, None, 9
466, 2020-06-20 06:02:59, question, 642317120, 26, None, 2020-06-21 22:03:47, None, 3
2721, 2020-06-14 23:26:19, bug, 638451587, 50, None, 2020-08-20 17:53:51, Nic Watson, 2
786, 2020-06-12 14:53:47, , 637810030, 40, None, 2020-06-17 14:59:07, Yuan Chang, 5
594, 2020-06-12 14:14:00, , 637781521, 61, None, 2020-06-13 14:35:02, danielbisar, 6
1748, 2020-06-03 18:39:20, , 630231773, 19, None, 2020-08-06 20:13:34, Priyesh Shukla, 2
534, 2020-05-30 21:13:01, , 627822595, 66, None, 2020-06-28 18:43:34, None, 5
585, 2020-05-23 08:29:56, question, 623609619, 32, None, 2020-05-23 09:13:11, Ivan Mikhailov, 2
497, 2020-05-18 17:03:26, , 620366473, 75, None, 2020-05-19 11:35:28, PabloMK7, 6
507, 2020-05-14 18:39:44, , 618453664, 26, None, 2020-06-30 09:41:12, Julien Malard-Adam, 27
62, 2020-05-14 18:31:01, , 618448685, 5, None, 2020-05-14 18:31:22, Julien Malard-Adam, 0
1268, 2020-05-14 15:26:30, question, 618322675, 30, None, 2020-05-20 08:18:09, Inky, 5
1768, 2020-05-14 14:44:59, enhancement, 618290400, 28, None, 2020-07-04 19:05:29, Julien Malard-Adam, 5
865, 2020-05-13 12:21:39, question, 617401904, 30, None, 2020-05-13 14:08:59, PabloMK7, 8
3539, 2020-05-13 11:15:23, discussion, 617361617, 62, None, 2020-07-03 09:56:38, Jan Max Meyer, 4
386, 2020-05-10 23:27:50, , 615500230, 24, None, 2021-06-06 12:35:02, Piotr Piwoński, 2
1123, 2020-05-09 20:18:15, enhancement, 615252494, 42, None, 2020-05-10 22:20:07, Piotr Piwoński, 4
585, 2020-05-08 20:19:43, question, 614965105, 38, None, 2020-05-08 21:15:16, None, 1
4862, 2020-05-07 17:28:53, , 614224070, 70, None, 2020-08-06 20:12:17, Enjoys Math, 3
3574, 2020-05-06 21:27:13, , 613624065, 36, None, 2020-05-06 22:00:58, Alcides Fonseca, 4
455, 2020-05-06 18:13:25, discussion, 613514227, 34, None, 2022-01-15 19:13:39, Jan Max Meyer, 36
738, 2020-05-06 09:24:57, question, 613175830, 86, None, 2020-05-06 13:50:16, None, 9
3116, 2020-05-05 11:37:58, question, 612536188, 22, None, 2020-05-18 08:38:00, Aravind Kumar G, 4
3530, 2020-05-04 20:59:08, question, 612164475, 35, None, 2020-05-04 21:51:16, Aravind Kumar G, 6
273, 2020-05-04 17:01:53, , 612026063, 46, None, 2020-05-04 21:09:46, None, 5
687, 2020-05-04 11:47:39, question, 611813015, 77, None, 2020-05-04 12:46:18, None, 6
340, 2020-05-03 18:57:08, , 611481850, 47, None, 2020-05-04 10:32:18, None, 4
424, 2020-05-03 09:17:16, question, 611368888, 44, None, 2020-05-08 20:16:06, None, 5
244, 2020-05-03 09:13:10, , 611368210, 59, None, 2020-05-04 07:40:16, Jan Max Meyer, 6
1830, 2020-05-02 10:53:00, , 611159063, 38, None, 2021-07-22 18:54:52, Michael Wayne Goodman, 11
628, 2020-05-01 14:39:15, , 610784247, 20, None, 2020-05-01 21:31:05, Ryo Yamamoto, 2
529, 2020-05-01 12:54:18, question, 610736783, 42, None, 2020-05-01 12:59:08, Ryo Yamamoto, 2
1843, 2020-04-30 10:16:44, , 609790934, 17, None, 2020-08-06 20:09:29, None, 3
56, 2020-04-29 09:20:00, , 608904134, 37, None, 2020-04-29 10:20:19, None, 1
628, 2020-04-29 07:26:58, , 608838116, 28, None, 2020-04-29 10:23:15, None, 3
441, 2020-04-23 16:39:06, enhancement, 605682158, 51, None, 2020-10-06 12:56:40, 林玮 (Jade Lin), 1
814, 2020-04-21 20:26:38, , 604263583, 33, None, 2020-04-21 20:54:27, Alberto Ferreira, 2
501, 2020-04-20 21:56:52, , 603561585, 41, None, 2020-04-21 06:58:27, None, 2
1955, 2020-04-19 19:21:27, question, 602798806, 79, None, 2020-05-28 20:36:54, Alberto Ferreira, 3
137, 2020-04-18 10:30:04, , 602428504, 27, None, 2020-05-04 12:11:10, None, 2
844, 2020-04-15 13:38:18, , 600305011, 48, None, 2020-04-15 14:05:49, Felix Andreas, 2
261, 2020-04-11 16:21:32, question, 598300603, 61, None, 2021-07-22 18:44:19, Stephane Selim, 1
378, 2020-04-11 11:55:13, , 598251075, 20, None, 2020-04-11 12:01:31, None, 0
950, 2020-04-10 18:16:52, enhancement, 598022746, 76, None, 2020-04-10 19:06:54, None, 5
241, 2020-04-06 17:53:35, , 595309871, 43, None, 2020-04-06 18:20:08, nick black, 1
80, 2020-04-03 09:00:17, , 593230552, 53, None, 2020-04-03 11:52:27, None, 0
3122, 2020-04-02 22:58:18, , 592967340, 39, None, 2020-04-11 05:49:28, None, 3
530, 2020-04-02 14:51:00, , 592692987, 83, None, 2020-05-23 16:34:25, ushyme (sesn), 5
3957, 2020-04-02 02:12:35, , 592309198, 76, None, 2020-04-03 08:28:18, None, 14
80, 2020-04-02 00:36:12, , 592282647, 8, None, 2020-04-02 13:21:21, None, 4
188, 2020-04-01 13:14:12, , 591906495, 46, None, 2020-05-04 12:55:54, None, 15
4538, 2020-03-31 02:22:14, , 590734768, 33, None, 2020-03-31 06:34:00, None, 5
509, 2020-03-30 18:36:28, , 590504512, 47, None, 2020-03-31 02:16:42, None, 6
396, 2020-03-29 09:07:45, , 589750288, 48, None, 2020-03-29 09:37:27, 林玮 (Jade Lin), 2
214, 2020-03-28 15:13:21, , 589595331, 14, None, 2020-03-30 12:49:03, None, 23
360, 2020-03-26 23:01:49, , 588779125, 42, None, 2020-03-27 12:40:08, None, 2
69, 2020-03-26 17:32:43, , 588598542, 29, None, 2020-03-26 21:44:59, None, 3
257, 2020-03-26 16:50:04, , 588568950, 43, None, 2020-03-28 09:49:33, Rodrigo de Oliveira, 8
1026, 2020-03-26 10:44:38, , 588322962, 46, None, 2020-08-06 19:28:31, None, 9
329, 2020-03-25 21:57:04, , 588015399, 29, None, 2020-03-26 07:19:47, Alcides Fonseca, 3
234, 2020-03-25 14:49:24, , 587752643, 53, None, 2020-03-28 20:20:26, Nic Watson, 0
162, 2020-03-24 12:53:21, , 586937951, 39, None, 2020-03-25 00:13:07, Hao Wu, 2
146, 2020-03-18 14:52:52, question, 583785908, 28, None, 2021-07-22 18:41:13, Marek Grác, 1
495, 2020-03-13 21:52:12, , 580879017, 82, None, 2020-03-19 21:58:18, Nic Watson, 5
164, 2020-03-12 14:23:42, , 579976255, 51, None, 2020-03-25 14:59:55, Nic Watson, 1
301, 2020-03-12 11:40:25, , 579879683, 60, None, 2020-03-17 11:40:46, 林玮 (Jade Lin), 3
1465, 2020-03-02 12:40:04, , 573947406, 45, None, 2020-05-04 12:08:57, None, 9
484, 2020-02-28 16:49:36, , 572871444, 35, None, 2020-03-17 09:49:04, Marco Favorito, 6
148, 2020-02-27 05:37:49, , 571835596, 53, None, 2020-02-28 23:07:32, helloc, 6
474, 2020-02-26 01:06:39, , 570978435, 40, None, 2020-02-26 02:33:45, None, 1
450, 2020-02-22 10:13:30, bug, 569313634, 60, None, 2020-08-18 09:22:49, Erez Shinan, 1
1079, 2020-02-14 17:26:07, , 565459695, 49, None, 2020-02-17 16:39:12, Shervin Velez Montoya, 5
468, 2020-02-13 16:34:26, , 564806659, 26, None, 2020-02-18 08:17:12, Yuan Chang, 4
425, 2020-02-13 04:03:17, , 564425156, 21, None, 2020-02-18 11:45:27, Yuan Chang, 1
137, 2020-02-10 17:50:05, , 562724869, 21, None, 2020-02-11 14:16:11, Dominique Revuz, 3
1348, 2020-02-08 18:14:23, , 562057294, 45, None, 2020-02-11 21:32:32, Millo Evers, 3
763, 2020-02-07 21:04:15, , 561870546, 38, None, 2020-02-10 12:45:12, Iconmaster, 5
1108, 2020-02-05 11:25:32, , 560308921, 41, None, 2020-02-05 13:53:39, Leonid Vlasenkov, 2
742, 2020-01-28 20:21:43, , 556446491, 26, None, 2020-02-05 21:39:59, None, 17
2188, 2020-01-27 21:17:31, enhancement, 555838211, 38, None, 2021-07-22 18:44:51, Deleted user, 10
780, 2020-01-27 16:40:35, , 555695537, 45, None, 2020-01-27 17:01:07, James Murphy, 2
635, 2020-01-22 22:45:28, , 553838684, 36, None, 2020-03-07 08:41:52, Jason Brackins, 3
1591, 2020-01-22 20:01:46, , 553762560, 53, None, 2020-03-07 09:49:25, Reed Oei, 2
629, 2020-01-19 20:20:35, , 551978323, 33, None, 2020-01-22 13:16:47, None, 1
50, 2020-01-19 20:12:54, , 551976661, 17, None, 2020-01-22 10:58:09, None, 1
2139, 2020-01-18 21:17:54, , 551825751, 59, None, 2020-01-19 15:16:05, None, 2
278, 2020-01-13 11:41:13, , 548875901, 28, None, 2020-01-13 12:28:14, None, 7
1514, 2020-01-09 23:43:13, , 547785190, 55, None, 2020-08-06 20:02:56, None, 8
1206, 2020-01-06 15:28:01, , 545785661, 72, None, 2020-03-07 09:50:06, filippo savi, 3
581, 2020-01-04 15:06:33, , 545294931, 46, None, 2020-02-23 15:33:05, Jochen Ulrich, 13
997, 2019-12-30 19:14:12, , 543982617, 20, None, 2019-12-31 16:52:01, Peter Wienemann, 7
299, 2019-12-29 18:38:27, , 543515295, 69, None, 2020-01-16 10:22:07, Peter Wienemann, 1
829, 2019-12-26 16:08:58, , 542593749, 33, None, 2019-12-26 17:43:07, Inky, 2
842, 2019-12-23 10:25:24, , 541688150, 44, None, 2019-12-23 15:14:48, Peter Wienemann, 2
571, 2019-12-21 22:29:33, discussion, 541380553, 30, None, 2020-11-24 14:06:13, None, 6
0, 2019-12-18 21:36:43, , 539937704, 34, None, 2020-01-27 17:08:42, Néstor Nápoles López, 7
403, 2019-12-18 10:03:47, good first issue, 539578105, 23, None, 2020-09-13 11:24:17, Felix Ulrich-Oltean, 1
0, 2019-12-17 16:39:54, , 539183115, 50, None, 2020-01-22 10:58:36, Ted Summer, 1
1217, 2019-12-17 09:47:39, , 538952785, 37, None, 2019-12-18 06:52:20, Enjoys Math, 2
1172, 2019-12-17 09:14:41, , 538934727, 42, None, 2020-01-22 13:24:49, Enjoys Math, 2
808, 2019-12-17 08:36:37, , 538916399, 47, None, 2019-12-17 08:47:10, Enjoys Math, 1
339, 2019-12-12 21:08:13, , 537213993, 30, None, 2019-12-13 14:39:23, Irwan Djajadi, 11
1365, 2019-12-07 13:10:54, , 534400214, 30, None, 2020-03-07 09:53:10, Deniz Etkar, 1
17, 2019-12-06 08:29:45, , 533818173, 42, None, 2019-12-07 16:33:50, Jussi Laasonen, 1
2779, 2019-12-05 13:48:08, , 533362626, 35, None, 2019-12-12 23:24:23, Jussi Laasonen, 1
4266, 2019-12-04 21:48:23, , 532954371, 67, None, 2020-01-16 10:24:27, Pawel Lampe, 7
304, 2019-12-01 13:34:07, discussion, 530732695, 61, None, 2021-12-13 08:54:38, None, 17
137, 2019-11-23 15:56:52, , 527573980, 33, None, 2020-08-06 20:00:40, Enjoys Math, 6
1039, 2019-11-23 15:05:22, , 527567995, 56, None, 2019-11-23 15:19:00, Enjoys Math, 2
2872, 2019-11-21 18:16:03, , 526761117, 69, None, 2019-11-23 02:37:28, Enjoys Math, 13
1299, 2019-11-21 15:39:20, , 526673823, 81, None, 2019-11-21 16:28:06, Enjoys Math, 6
356, 2019-11-18 09:49:54, , 524252248, 34, None, 2020-01-22 13:10:23, Mike Roberts, 1
328, 2019-11-16 12:13:33, enhancement, 523837357, 59, None, 2020-08-06 20:04:52, Erez Shinan, 13
4455, 2019-11-15 01:25:51, , 523199905, 40, None, 2019-12-18 12:10:55, Deniz Etkar, 3
586, 2019-11-12 04:45:42, , 521325358, 47, None, 2019-11-12 21:28:13, None, 2
700, 2019-11-10 20:04:47, , 520649772, 51, None, 2019-12-18 12:11:09, None, 3
1075, 2019-11-10 17:14:22, , 520628919, 39, None, 2020-08-06 19:59:05, Hrvoje Nikšić, 5
172, 2019-11-09 15:23:36, , 520456892, 25, None, 2019-11-09 18:54:05, Tommaso De Rossi, 3
1685, 2019-11-04 16:02:52, bug, 517248246, 42, None, 2019-11-13 11:24:11, None, 4
320, 2019-11-03 00:07:13, , 516761552, 32, None, 2019-11-04 09:38:33, Hao Wu, 1
298, 2019-11-02 23:43:45, , 516759637, 46, None, 2019-11-04 11:02:44, Hao Wu, 2
376, 2019-11-01 16:59:41, , 516233438, 24, None, 2019-12-18 12:12:59, Giuliano Oliveira, 7
1832, 2019-10-31 18:03:15, , 515637738, 85, None, 2019-10-31 19:19:54, Enjoys Math, 2
750, 2019-10-31 16:44:03, , 515583732, 29, None, 2019-10-31 16:49:39, Enjoys Math, 5
67, 2019-10-31 12:19:33, , 515386769, 46, None, 2019-11-02 11:41:15, Giuliano Oliveira, 7
300, 2019-10-30 12:29:03, , 514629775, 26, None, 2019-11-13 11:23:45, Erez Shinan, 4
427, 2019-10-27 20:53:25, , 513020542, 43, None, 2019-10-27 21:44:05, None, 4
160, 2019-10-25 18:22:16, , 512653506, 86, None, 2019-10-26 06:47:08, Timo Furrer, 3
627, 2019-10-25 12:14:40, , 512482563, 50, None, 2019-10-26 06:47:09, Timo Furrer, 3
374, 2019-10-25 11:02:39, , 512451445, 49, None, 2019-10-25 11:23:21, Rémi Francis, 3
2049, 2019-10-24 15:50:18, , 512032967, 62, None, 2019-11-13 11:26:25, Chris MacMackin, 2
273, 2019-10-21 09:19:29, , 509837364, 49, None, 2019-10-22 17:44:14, Antoine Luong, 1
134, 2019-10-16 11:36:52, , 507794139, 28, None, 2019-10-16 11:46:12, Francesco Franchina, 2
582, 2019-10-07 20:18:19, , 503668456, 30, None, 2019-11-01 12:47:02, None, 1
1062, 2019-10-04 09:22:08, , 502526935, 73, None, 2019-10-04 11:20:12, None, 4
506, 2019-10-02 14:12:55, bug, 501516073, 62, None, 2020-09-13 10:38:00, Francesco Manfredi, 7
3330, 2019-10-01 17:39:09, , 501044148, 58, None, 2019-10-03 08:44:38, Kirill Tsibikov, 6
799, 2019-10-01 07:59:59, , 500728629, 32, None, 2019-10-01 09:14:39, Yurii Popov, 2
201, 2019-09-22 04:52:36, , 496733521, 46, None, 2019-09-22 07:05:50, Wataru Ashihara, 1
0, 2019-09-19 06:37:46, add to docs, 495602598, 29, None, 2019-11-17 18:13:20, Erez Shinan, 3
295, 2019-09-15 18:35:09, , 493771041, 23, None, 2019-10-07 08:28:27, David Ladouceur, 1
0, 2019-09-15 08:28:02, add to docs, 493710260, 45, None, 2019-11-19 06:12:16, Erez Shinan, 1
1713, 2019-09-08 21:10:46, question, 490806749, 20, None, 2019-09-08 21:35:46, None, 1
0, 2019-09-06 13:37:21, , 490332493, 36, None, 2022-01-15 19:08:55, Erez Shinan, 4
160, 2019-09-06 13:34:34, enhancement, 490331116, 39, None, 2019-11-17 18:23:10, Erez Shinan, 11
692, 2019-09-05 07:39:07, , 489581851, 49, None, 2019-09-06 06:11:02, Christoph Buchner, 4
1437, 2019-09-03 16:06:21, , 488695021, 10, None, 2019-09-05 13:51:49, None, 8
2943, 2019-08-29 21:47:26, , 487191042, 47, None, 2019-09-06 05:23:53, None, 5
638, 2019-08-29 04:12:47, , 486726611, 38, None, 2019-08-29 08:38:35, None, 4
39596, 2019-08-27 16:34:48, , 485914760, 44, None, 2019-08-28 21:21:29, None, 8
4143, 2019-08-27 15:54:12, , 485894775, 38, None, 2019-08-28 21:22:22, None, 6
186, 2019-08-27 03:51:52, question, 485567558, 34, None, 2019-10-07 08:28:06, None, 1
304, 2019-08-26 13:27:49, , 485237115, 68, None, 2019-08-26 13:46:23, John Vandenberg, 1
243, 2019-08-25 19:55:23, question, 484969263, 39, None, 2019-10-07 08:26:59, None, 5
3361, 2019-08-25 18:18:34, , 484960220, 19, None, 2019-08-26 08:27:02, None, 4
1919, 2019-08-23 19:49:05, , 484685439, 46, None, 2022-01-15 19:09:25, Eddie Schoute, 6
1565, 2019-08-22 17:19:24, , 484116919, 15, None, 2019-08-22 21:08:38, Eddie Schoute, 7
316, 2019-08-22 07:27:17, , 483817940, 42, None, 2019-10-07 08:26:01, None, 1
253, 2019-08-22 06:29:02, , 483795100, 54, None, 2020-02-22 12:10:35, None, 1
137, 2019-08-21 10:17:03, , 483331788, 48, None, 2019-08-21 17:45:02, None, 3
0, 2019-08-20 03:37:30, , 482626845, 73, None, 2019-08-20 08:57:28, None, 2
138, 2019-08-19 00:28:09, question, 482057264, 20, None, 2019-08-23 08:05:59, None, 5
416, 2019-08-18 00:58:42, , 481940656, 22, None, 2019-08-18 08:23:42, None, 2
308, 2019-08-18 00:25:14, , 481938887, 81, None, 2019-08-18 08:21:56, None, 1
63, 2019-08-17 19:27:14, , 481918559, 36, None, 2020-03-08 09:37:37, Feraidoon Mehri, 1
330, 2019-08-15 12:03:28, bug, 481120339, 50, None, 2019-08-15 16:09:36, Simon816, 2
8, 2019-08-09 21:57:27, , 479181430, 31, None, 2019-08-10 12:10:34, Fábio Macêdo Mendes, 1
580, 2019-08-08 02:11:49, , 478215632, 37, None, 2019-08-20 22:30:17, Eom Taegyung "Iggy", 2
220, 2019-08-07 13:32:37, , 477931703, 31, None, 2019-08-08 12:10:08, Donghyeok Tak, 1
177, 2019-08-07 03:12:03, , 477684018, 40, None, 2019-08-10 12:10:34, Fábio Macêdo Mendes, 6
368, 2019-08-01 19:44:18, , 475856500, 81, None, 2019-08-20 08:58:49, None, 9
3103, 2019-07-31 00:22:50, , 474878609, 18, None, 2019-11-04 09:55:44, Raekye, 14
4569, 2019-07-29 19:50:40, add to docs, 474226031, 43, None, 2020-03-08 10:54:09, Rico Rodriguez, 12
0, 2019-07-27 17:26:30, , 473659660, 64, None, 2019-09-06 05:25:40, None, 6
1158, 2019-07-25 09:21:27, discussion, 472757336, 57, None, 2020-03-08 09:39:03, Hrvoje Nikšić, 13
385, 2019-07-25 06:23:11, question, 472686552, 27, None, 2019-08-07 14:00:00, Paulo Coutinho, 4
1693, 2019-07-24 20:00:11, , 472487247, 25, None, 2019-08-10 12:41:48, John Vandenberg, 5
3330, 2019-07-24 16:48:13, , 472389258, 75, None, 2019-07-30 09:40:23, Hrvoje Nikšić, 9
524, 2019-07-24 09:04:30, , 472164514, 80, None, 2019-07-24 10:28:16, Hrvoje Nikšić, 1
1569, 2019-07-22 09:11:18, , 470981009, 26, None, 2019-07-22 10:48:37, Hrvoje Nikšić, 12
2221, 2019-07-21 20:18:49, , 470820596, 36, None, 2019-08-10 12:38:58, Hrvoje Nikšić, 6
490, 2019-07-21 18:50:21, , 470812471, 59, None, 2019-07-29 09:41:08, Qix, 5
562, 2019-07-09 18:39:16, discussion, 465928325, 29, None, 2019-10-07 08:24:37, Timo Furrer, 23
0, 2019-07-07 05:26:42, , 464916468, 55, None, 2019-07-07 07:34:00, None, 5
183, 2019-07-07 01:17:13, , 464904306, 49, None, 2019-07-07 07:30:32, None, 1
256, 2019-07-05 10:19:51, add to docs, 464571985, 37, None, 2019-07-08 15:43:02, None, 4
2234, 2019-06-30 20:09:57, enhancement, 462441480, 46, None, 2019-09-06 13:39:50, Petee, 10
165, 2019-06-27 01:21:04, , 461252447, 75, None, 2019-06-27 20:15:40, None, 3
755, 2019-06-24 10:06:32, question, 459803973, 51, None, 2019-09-10 22:06:42, Eom Taegyung "Iggy", 17
494, 2019-06-21 04:16:58, , 458999881, 23, None, 2019-06-21 07:05:14, Eom Taegyung "Iggy", 1
732, 2019-06-19 22:24:02, , 458252551, 37, None, 2019-08-22 06:51:01, None, 3
2951, 2019-06-14 11:53:35, , 456208691, 80, None, 2019-06-14 13:26:11, None, 1
374, 2019-06-10 23:09:02, , 454411204, 17, None, 2019-06-11 07:57:56, Zhiqi, 6
227, 2019-06-05 04:30:49, , 452310242, 19, None, 2019-06-05 06:34:42, hubert, 1
0, 2019-05-29 17:24:39, , 449930173, 38, None, 2019-05-29 22:15:22, David Kemp, 3
1305, 2019-05-28 20:58:16, , 449474351, 19, None, 2019-05-28 21:29:22, David Kemp, 4
687, 2019-05-27 20:25:39, , 448983045, 38, None, 2019-08-10 12:36:06, Andreas Drollinger, 9
151, 2019-05-27 14:03:00, enhancement, 448873527, 52, None, 2019-10-07 08:23:29, Erez Shinan, 7
2451, 2019-05-23 16:20:30, , 447756985, 51, None, 2019-08-10 12:34:59, Theo Scott, 7
565, 2019-05-22 21:02:18, , 447341720, 64, None, 2019-05-27 13:57:41, None, 1
779, 2019-05-22 20:51:30, , 447337479, 46, None, 2019-05-27 14:04:39, None, 6
858, 2019-05-21 10:16:14, , 446535139, 33, None, 2019-05-21 11:18:48, Quentin Chaunier, 1
608, 2019-05-18 19:01:24, , 445744648, 88, None, 2019-05-23 07:00:56, None, 5
422, 2019-05-18 10:10:40, , 445701190, 65, None, 2019-06-03 09:31:33, Eric Condamine, 12
279, 2019-05-18 09:17:21, good first issue, 445696981, 35, None, 2020-08-06 19:43:23, Keito Tobichi, 14
637, 2019-05-17 14:18:27, , 445465580, 31, None, 2019-05-20 16:09:10, Nic Watson, 2
347, 2019-05-15 12:45:18, , 444417579, 47, None, 2019-08-11 09:28:38, None, 6
407, 2019-05-12 17:38:01, , 443128533, 51, None, 2019-05-12 19:14:56, Mostafa Razavi, 0
1122, 2019-05-12 09:55:37, , 443086051, 62, None, 2019-05-12 20:04:50, Mostafa Razavi, 12
1204, 2019-05-11 01:47:15, , 442941774, 44, None, 2019-05-27 13:58:05, ash garcia, 1
2178, 2019-05-10 22:49:43, , 442920114, 53, None, 2019-05-13 16:30:35, Reid Priedhorsky, 7
528, 2019-05-10 21:16:08, , 442897679, 71, None, 2019-05-11 10:08:43, Mostafa Razavi, 5
187, 2019-05-10 08:33:14, enhancement, 442601479, 40, None, 2019-05-11 10:30:12, None, 3
312, 2019-05-09 12:48:17, , 442219045, 50, None, 2019-05-09 13:09:40, None, 1
766, 2019-05-09 04:41:33, bug, 442046517, 29, None, 2019-08-20 09:03:21, None, 13
275, 2019-05-06 13:28:20, , 440700052, 42, None, 2019-05-27 09:44:23, None, 1
1095, 2019-04-25 14:21:45, , 437227227, 74, None, 2019-04-26 11:57:34, Alexander Korzun, 11
294, 2019-04-24 08:02:38, , 436552710, 38, None, 2019-05-27 09:48:22, Yuan Chang, 1
751, 2019-04-20 01:22:11, question, 435342328, 33, None, 2019-04-21 08:24:36, Deleted user, 7
577, 2019-04-18 20:02:35, , 434936978, 38, None, 2019-05-08 23:11:28, Matthew Johnson, 4
1296, 2019-04-17 10:01:14, , 434196880, 67, None, 2019-05-27 14:03:46, None, 1
10, 2019-04-16 16:50:53, , 433884960, 80, None, 2019-04-16 21:43:11, None, 2
788, 2019-04-16 14:19:36, , 433807197, 54, None, 2019-04-16 21:43:10, None, 5
411, 2019-04-16 08:50:30, , 433658362, 64, None, 2019-04-18 10:35:32, Şahin Akkaya, 5
229, 2019-04-15 12:51:33, question, 433264727, 23, None, 2019-04-15 13:36:00, Şahin Akkaya, 2
373, 2019-04-12 14:51:39, , 432605737, 29, None, 2019-04-27 17:30:32, Björn Lindqvist, 5
10, 2019-04-12 08:23:44, , 432445912, 70, None, 2019-04-16 20:17:16, None, 1
185, 2019-04-11 23:42:55, , 432320555, 39, None, 2019-04-12 09:08:59, None, 1
316, 2019-04-11 00:34:16, question, 431778704, 34, None, 2019-04-12 09:10:09, None, 3
52, 2019-04-10 08:37:41, , 431374735, 70, None, 2019-04-10 09:28:34, None, 1
53, 2019-04-10 05:57:26, , 431317188, 70, None, 2019-04-10 07:55:25, None, 1
2380, 2019-04-09 23:17:54, question, 431236255, 28, None, 2019-04-09 23:29:10, None, 9
126, 2019-04-09 22:17:20, question, 431220680, 25, None, 2019-04-12 09:07:29, None, 8
881, 2019-04-09 20:46:36, , 431182588, 62, None, 2019-04-10 07:55:25, None, 2
0, 2019-04-09 18:16:06, , 431107646, 41, None, 2019-04-10 09:31:08, Michael K., 5
179, 2019-04-09 17:04:38, question, 431078883, 19, None, 2020-08-06 19:42:33, Deleted user, 1
1213, 2019-04-09 16:25:31, , 431059929, 73, None, 2019-05-27 14:06:26, Chris Jewell, 3
4508, 2019-04-09 14:39:26, , 431005767, 60, None, 2019-04-23 08:19:50, Quan.Liu, 9
864, 2019-04-09 07:19:32, , 430805951, 43, None, 2019-04-16 16:59:11, None, 4
1743, 2019-04-05 20:59:26, , 429932879, 38, None, 2019-04-10 09:28:34, None, 1
773, 2019-04-04 19:28:13, , 429445084, 41, None, 2019-04-05 02:46:40, None, 1
1130, 2019-04-03 12:05:20, question, 428729286, 50, None, 2019-04-09 23:31:18, Christophe Painchaud, 6
401, 2019-03-29 05:40:39, , 426825559, 69, None, 2019-04-01 08:31:12, Quan.Liu, 3
640, 2019-03-28 19:10:56, add to docs, 426662765, 24, None, 2019-08-20 09:01:03, Art, 12
217, 2019-03-17 08:23:36, , 421895785, 34, None, 2019-03-24 10:18:46, Batuhan Taskaya, 1
508, 2019-03-14 17:28:51, , 421152658, 67, None, 2019-03-24 10:13:07, None, 1
114, 2019-03-13 10:42:18, , 420429586, 61, None, 2019-03-13 11:32:52, Petee, 0
394, 2019-03-13 10:40:26, , 420428712, 57, None, 2019-03-13 11:32:43, Petee, 0
351, 2019-03-10 18:33:15, , 419216869, 40, None, 2019-03-28 15:59:30, Art, 11
418, 2019-03-09 02:08:53, , 419021699, 60, None, 2019-03-11 15:30:43, Nic Watson, 2
58, 2019-03-06 15:52:27, , 417876594, 31, None, 2019-03-07 10:54:27, None, 0
907, 2019-03-06 13:51:53, , 417813687, 55, None, 2019-03-09 13:48:56, Pancy, 7
1624, 2019-03-05 12:31:57, , 417275766, 66, None, 2019-03-06 13:00:20, Laura van de Braak, 3
578, 2019-03-04 22:29:36, , 417022470, 45, None, 2019-03-10 13:06:01, Natalie Perret, 3
1366, 2019-03-03 19:07:10, , 416550923, 45, None, 2019-03-03 20:18:22, René Mellema, 2
1186, 2019-03-01 07:33:28, , 415977095, 25, None, 2019-03-01 18:03:41, Radha Krishna. S., 4
3, 2019-02-28 03:05:35, , 415425711, 20, None, 2019-03-10 13:05:48, Drew DeVault, 2
342, 2019-02-26 03:39:43, question, 414415862, 26, None, 2019-04-09 23:31:45, Amal Khailtash, 2
278, 2019-02-23 23:41:27, , 413757128, 34, None, 2019-02-24 08:57:57, Kyungdahm Yun, 1
497, 2019-02-22 22:20:57, , 413602104, 25, None, 2019-05-27 14:06:46, Philippe Ombredanne, 1
579, 2019-02-20 11:08:22, , 412370216, 38, None, 2019-03-03 19:29:48, None, 6
4332, 2019-02-18 15:35:39, bug, 411533747, 26, None, 2019-03-24 10:42:25, Artem Slobodkin, 13
289, 2019-02-14 17:05:11, , 410400859, 38, None, 2019-02-15 13:42:36, Aurélien Grenotton, 0
1135, 2019-02-12 20:51:18, , 409494484, 43, None, 2019-02-13 11:38:53, Kyungdahm Yun, 1
1212, 2019-02-10 08:53:01, , 408514777, 42, None, 2019-03-10 13:05:04, David R. MacIver, 8
483, 2019-02-07 13:31:09, , 407701116, 26, None, 2019-02-07 13:45:50, Jani Nikula, 2
210, 2019-02-01 19:31:51, , 405842817, 54, None, 2019-02-11 14:23:07, Paul Miller, 9
896, 2019-01-31 19:32:49, , 405403374, 34, None, 2019-02-04 23:10:35, Vladimir Chebotarev, 5
1584, 2019-01-25 05:06:09, , 403007603, 66, None, 2019-02-05 21:40:01, Mike Lin, 1
538, 2019-01-25 00:21:44, , 402953277, 52, None, 2019-03-10 13:04:38, None, 8
558, 2019-01-24 13:39:04, , 402711166, 35, None, 2019-01-24 18:20:56, Michael K., 2
604, 2019-01-21 03:46:44, discussion, 401182811, 40, None, 2019-05-27 14:28:39, Mara, 2
1099, 2019-01-19 22:00:42, , 401039241, 50, None, 2019-01-21 03:04:57, Jahan Addison, 4
836, 2019-01-18 22:49:47, , 400918887, 14, None, 2019-03-10 13:03:36, Art, 2
591, 2019-01-18 21:28:35, bug, 400895477, 22, None, 2019-01-18 23:48:58, Art, 24
1432, 2019-01-12 10:57:00, , 398543930, 25, None, 2019-01-13 09:54:21, None, 5
0, 2019-01-09 13:58:52, , 397383226, 39, None, 2019-01-09 14:28:13, None, 2
43, 2019-01-08 11:05:13, , 396856526, 42, None, 2019-01-12 13:07:40, Zac Hatfield-Dodds, 0
1268, 2019-01-08 05:31:07, , 396756470, 46, None, 2019-01-12 13:07:40, Zac Hatfield-Dodds, 2